[{"model": "contenttypes.contenttype", "pk": 1, "fields": {"app_label": "admin", "model": "logentry"}}, {"model": "contenttypes.contenttype", "pk": 2, "fields": {"app_label": "auth", "model": "permission"}}, {"model": "contenttypes.contenttype", "pk": 3, "fields": {"app_label": "auth", "model": "group"}}, {"model": "contenttypes.contenttype", "pk": 4, "fields": {"app_label": "auth", "model": "user"}}, {"model": "contenttypes.contenttype", "pk": 5, "fields": {"app_label": "contenttypes", "model": "contenttype"}}, {"model": "contenttypes.contenttype", "pk": 6, "fields": {"app_label": "sessions", "model": "session"}}, {"model": "contenttypes.contenttype", "pk": 7, "fields": {"app_label": "diary", "model": "post"}}, {"model": "contenttypes.contenttype", "pk": 8, "fields": {"app_label": "website", "model": "profile"}}, {"model": "contenttypes.contenttype", "pk": 9, "fields": {"app_label": "website", "model": "savedprofile"}}, {"model": "contenttypes.contenttype", "pk": 10, "fields": {"app_label": "weorganization", "model": "activity"}}, {"model": "contenttypes.contenttype", "pk": 11, "fields": {"app_label": "weorganization", "model": "activitytype"}}, {"model": "contenttypes.contenttype", "pk": 12, "fields": {"app_label": "weorganization", "model": "day"}}, {"model": "sessions.session", "pk": "286ecg3fefq076s70bx7puyoefga417x", "fields": {"session_data": "OTQ4NTkwZGYwYjg4ZmM0YThiNTc2YTk3MjE5MTczOWRlYmY3MzcxYjp7Il9hdXRoX3VzZXJfaWQiOiIzIiwiX2F1dGhfdXNlcl9iYWNrZW5kIjoiZGphbmdvLmNvbnRyaWIuYXV0aC5iYWNrZW5kcy5Nb2RlbEJhY2tlbmQiLCJfYXV0aF91c2VyX2hhc2giOiJlMzM0YjA4Y2IxNmM0ZWY0Y2YwNWJkNzIwYjQwZjAxOWU5MDExMTZlIiwicHJvZmlsZV9pZCI6MTB9", "expire_date": "2020-03-21T18:05:21.636Z"}}, {"model": "sessions.session", "pk": "2caz1fk51dn9hxg06l0m9w4b2tq7k7oi", "fields": {"session_data": "MzAzY2IxMGE0NmVmZjM3Y2ZjNjBlOTQwMGU0NDZiNjZiY2Y0ZmRiNTp7Il9hdXRoX3VzZXJfaWQiOiIxIiwiX2F1dGhfdXNlcl9iYWNrZW5kIjoiZGphbmdvLmNvbnRyaWIuYXV0aC5iYWNrZW5kcy5Nb2RlbEJhY2tlbmQiLCJfYXV0aF91c2VyX2hhc2giOiIxYmYwOGQ4MTJkYmEwNTFkYWM1ZjgxYzVlZjE5YzkwZjMyZGI1N2UwIiwicHJvZmlsZV9pZCI6MX0=", "expire_date": "2020-03-14T02:43:46.938Z"}}, {"model": "sessions.session", "pk": "35txy1noav2p518pk7agvxlm325u3gaf", "fields": {"session_data": "ZDAwNzFjMjFiMzI1ZDdkODhkZGM5MzhiZTRkZTA2YjcwMmU1NDVlMzp7Il9hdXRoX3VzZXJfaWQiOiIxIiwiX2F1dGhfdXNlcl9iYWNrZW5kIjoiZGphbmdvLmNvbnRyaWIuYXV0aC5iYWNrZW5kcy5Nb2RlbEJhY2tlbmQiLCJfYXV0aF91c2VyX2hhc2giOiIxYmYwOGQ4MTJkYmEwNTFkYWM1ZjgxYzVlZjE5YzkwZjMyZGI1N2UwIiwicHJvZmlsZV9pZCI6M30=", "expire_date": "2020-03-13T15:33:15.614Z"}}, {"model": "sessions.session", "pk": "51xkou1ldrrsmjqrn49cenk2cfb7xu27", "fields": {"session_data": "MzAzY2IxMGE0NmVmZjM3Y2ZjNjBlOTQwMGU0NDZiNjZiY2Y0ZmRiNTp7Il9hdXRoX3VzZXJfaWQiOiIxIiwiX2F1dGhfdXNlcl9iYWNrZW5kIjoiZGphbmdvLmNvbnRyaWIuYXV0aC5iYWNrZW5kcy5Nb2RlbEJhY2tlbmQiLCJfYXV0aF91c2VyX2hhc2giOiIxYmYwOGQ4MTJkYmEwNTFkYWM1ZjgxYzVlZjE5YzkwZjMyZGI1N2UwIiwicHJvZmlsZV9pZCI6MX0=", "expire_date": "2020-03-19T15:41:41.453Z"}}, {"model": "sessions.session", "pk": "8oljotrgfak0uq0ajqayqsnnmxs3lbmm", "fields": {"session_data": "MzAzY2IxMGE0NmVmZjM3Y2ZjNjBlOTQwMGU0NDZiNjZiY2Y0ZmRiNTp7Il9hdXRoX3VzZXJfaWQiOiIxIiwiX2F1dGhfdXNlcl9iYWNrZW5kIjoiZGphbmdvLmNvbnRyaWIuYXV0aC5iYWNrZW5kcy5Nb2RlbEJhY2tlbmQiLCJfYXV0aF91c2VyX2hhc2giOiIxYmYwOGQ4MTJkYmEwNTFkYWM1ZjgxYzVlZjE5YzkwZjMyZGI1N2UwIiwicHJvZmlsZV9pZCI6MX0=", "expire_date": "2020-03-21T21:15:22.573Z"}}, {"model": "sessions.session", "pk": "8zgt6st5ygtt44m3hckxbnvyzzdo27p4", "fields": {"session_data": "MzAzY2IxMGE0NmVmZjM3Y2ZjNjBlOTQwMGU0NDZiNjZiY2Y0ZmRiNTp7Il9hdXRoX3VzZXJfaWQiOiIxIiwiX2F1dGhfdXNlcl9iYWNrZW5kIjoiZGphbmdvLmNvbnRyaWIuYXV0aC5iYWNrZW5kcy5Nb2RlbEJhY2tlbmQiLCJfYXV0aF91c2VyX2hhc2giOiIxYmYwOGQ4MTJkYmEwNTFkYWM1ZjgxYzVlZjE5YzkwZjMyZGI1N2UwIiwicHJvZmlsZV9pZCI6MX0=", "expire_date": "2020-03-21T13:44:13.839Z"}}, {"model": "sessions.session", "pk": "ais3cgok0j3ce8eu3bydakfkznfbrlc1", "fields": {"session_data": "NDhkYWQwOGRmY2Q2NWU5ZjAxYzhhMDdiNjI4YjU2MTFlMGU1NzFmNTp7Il9hdXRoX3VzZXJfaWQiOiIxIiwiX2F1dGhfdXNlcl9iYWNrZW5kIjoiZGphbmdvLmNvbnRyaWIuYXV0aC5iYWNrZW5kcy5Nb2RlbEJhY2tlbmQiLCJfYXV0aF91c2VyX2hhc2giOiIxYmYwOGQ4MTJkYmEwNTFkYWM1ZjgxYzVlZjE5YzkwZjMyZGI1N2UwIn0=", "expire_date": "2020-03-18T11:01:01.289Z"}}, {"model": "sessions.session", "pk": "anhum4ge2upfgoc5a2acybjq915oxj5s", "fields": {"session_data": "MzAzY2IxMGE0NmVmZjM3Y2ZjNjBlOTQwMGU0NDZiNjZiY2Y0ZmRiNTp7Il9hdXRoX3VzZXJfaWQiOiIxIiwiX2F1dGhfdXNlcl9iYWNrZW5kIjoiZGphbmdvLmNvbnRyaWIuYXV0aC5iYWNrZW5kcy5Nb2RlbEJhY2tlbmQiLCJfYXV0aF91c2VyX2hhc2giOiIxYmYwOGQ4MTJkYmEwNTFkYWM1ZjgxYzVlZjE5YzkwZjMyZGI1N2UwIiwicHJvZmlsZV9pZCI6MX0=", "expire_date": "2020-03-15T15:23:13.037Z"}}, {"model": "sessions.session", "pk": "bhvfst9csy40q3kovowtz0zgvrpkmack", "fields": {"session_data": "MzAzY2IxMGE0NmVmZjM3Y2ZjNjBlOTQwMGU0NDZiNjZiY2Y0ZmRiNTp7Il9hdXRoX3VzZXJfaWQiOiIxIiwiX2F1dGhfdXNlcl9iYWNrZW5kIjoiZGphbmdvLmNvbnRyaWIuYXV0aC5iYWNrZW5kcy5Nb2RlbEJhY2tlbmQiLCJfYXV0aF91c2VyX2hhc2giOiIxYmYwOGQ4MTJkYmEwNTFkYWM1ZjgxYzVlZjE5YzkwZjMyZGI1N2UwIiwicHJvZmlsZV9pZCI6MX0=", "expire_date": "2020-03-19T14:36:31.873Z"}}, {"model": "sessions.session", "pk": "dv8z9t7iczi5pn24h8hnam56yukqdipb", "fields": {"session_data": "MzAzY2IxMGE0NmVmZjM3Y2ZjNjBlOTQwMGU0NDZiNjZiY2Y0ZmRiNTp7Il9hdXRoX3VzZXJfaWQiOiIxIiwiX2F1dGhfdXNlcl9iYWNrZW5kIjoiZGphbmdvLmNvbnRyaWIuYXV0aC5iYWNrZW5kcy5Nb2RlbEJhY2tlbmQiLCJfYXV0aF91c2VyX2hhc2giOiIxYmYwOGQ4MTJkYmEwNTFkYWM1ZjgxYzVlZjE5YzkwZjMyZGI1N2UwIiwicHJvZmlsZV9pZCI6MX0=", "expire_date": "2020-03-18T12:17:01.578Z"}}, {"model": "sessions.session", "pk": "ksqo3ro7hs9py32crxjk0t3z3j3nklsw", "fields": {"session_data": "MzAzY2IxMGE0NmVmZjM3Y2ZjNjBlOTQwMGU0NDZiNjZiY2Y0ZmRiNTp7Il9hdXRoX3VzZXJfaWQiOiIxIiwiX2F1dGhfdXNlcl9iYWNrZW5kIjoiZGphbmdvLmNvbnRyaWIuYXV0aC5iYWNrZW5kcy5Nb2RlbEJhY2tlbmQiLCJfYXV0aF91c2VyX2hhc2giOiIxYmYwOGQ4MTJkYmEwNTFkYWM1ZjgxYzVlZjE5YzkwZjMyZGI1N2UwIiwicHJvZmlsZV9pZCI6MX0=", "expire_date": "2020-03-18T12:04:11.663Z"}}, {"model": "sessions.session", "pk": "nzr4shl66nmyv94lpvmehlt5wajyyhrg", "fields": {"session_data": "MzAzY2IxMGE0NmVmZjM3Y2ZjNjBlOTQwMGU0NDZiNjZiY2Y0ZmRiNTp7Il9hdXRoX3VzZXJfaWQiOiIxIiwiX2F1dGhfdXNlcl9iYWNrZW5kIjoiZGphbmdvLmNvbnRyaWIuYXV0aC5iYWNrZW5kcy5Nb2RlbEJhY2tlbmQiLCJfYXV0aF91c2VyX2hhc2giOiIxYmYwOGQ4MTJkYmEwNTFkYWM1ZjgxYzVlZjE5YzkwZjMyZGI1N2UwIiwicHJvZmlsZV9pZCI6MX0=", "expire_date": "2020-03-21T13:40:11.504Z"}}, {"model": "sessions.session", "pk": "odp2f0h0xoqg7niiipu257arqub0vbe7", "fields": {"session_data": "MzAzY2IxMGE0NmVmZjM3Y2ZjNjBlOTQwMGU0NDZiNjZiY2Y0ZmRiNTp7Il9hdXRoX3VzZXJfaWQiOiIxIiwiX2F1dGhfdXNlcl9iYWNrZW5kIjoiZGphbmdvLmNvbnRyaWIuYXV0aC5iYWNrZW5kcy5Nb2RlbEJhY2tlbmQiLCJfYXV0aF91c2VyX2hhc2giOiIxYmYwOGQ4MTJkYmEwNTFkYWM1ZjgxYzVlZjE5YzkwZjMyZGI1N2UwIiwicHJvZmlsZV9pZCI6MX0=", "expire_date": "2020-03-20T15:56:02.957Z"}}, {"model": "sessions.session", "pk": "scm3ew3y229hjbvttafo25y3gaqd8lp6", "fields": {"session_data": "MzAzY2IxMGE0NmVmZjM3Y2ZjNjBlOTQwMGU0NDZiNjZiY2Y0ZmRiNTp7Il9hdXRoX3VzZXJfaWQiOiIxIiwiX2F1dGhfdXNlcl9iYWNrZW5kIjoiZGphbmdvLmNvbnRyaWIuYXV0aC5iYWNrZW5kcy5Nb2RlbEJhY2tlbmQiLCJfYXV0aF91c2VyX2hhc2giOiIxYmYwOGQ4MTJkYmEwNTFkYWM1ZjgxYzVlZjE5YzkwZjMyZGI1N2UwIiwicHJvZmlsZV9pZCI6MX0=", "expire_date": "2020-03-20T16:19:31.933Z"}}, {"model": "sessions.session", "pk": "slalciyzsj6veh10730q1mxwpnbbkj9e", "fields": {"session_data": "MzAzY2IxMGE0NmVmZjM3Y2ZjNjBlOTQwMGU0NDZiNjZiY2Y0ZmRiNTp7Il9hdXRoX3VzZXJfaWQiOiIxIiwiX2F1dGhfdXNlcl9iYWNrZW5kIjoiZGphbmdvLmNvbnRyaWIuYXV0aC5iYWNrZW5kcy5Nb2RlbEJhY2tlbmQiLCJfYXV0aF91c2VyX2hhc2giOiIxYmYwOGQ4MTJkYmEwNTFkYWM1ZjgxYzVlZjE5YzkwZjMyZGI1N2UwIiwicHJvZmlsZV9pZCI6MX0=", "expire_date": "2020-03-20T17:01:58.361Z"}}, {"model": "sessions.session", "pk": "u1341bs7hxz233j5s9b1x8piwvpiuojl", "fields": {"session_data": "MzAzY2IxMGE0NmVmZjM3Y2ZjNjBlOTQwMGU0NDZiNjZiY2Y0ZmRiNTp7Il9hdXRoX3VzZXJfaWQiOiIxIiwiX2F1dGhfdXNlcl9iYWNrZW5kIjoiZGphbmdvLmNvbnRyaWIuYXV0aC5iYWNrZW5kcy5Nb2RlbEJhY2tlbmQiLCJfYXV0aF91c2VyX2hhc2giOiIxYmYwOGQ4MTJkYmEwNTFkYWM1ZjgxYzVlZjE5YzkwZjMyZGI1N2UwIiwicHJvZmlsZV9pZCI6MX0=", "expire_date": "2020-03-20T14:23:21.592Z"}}, {"model": "sessions.session", "pk": "yn32v6d1eoh3yfluaozlc9hfqevsu00e", "fields": {"session_data": "MzAzY2IxMGE0NmVmZjM3Y2ZjNjBlOTQwMGU0NDZiNjZiY2Y0ZmRiNTp7Il9hdXRoX3VzZXJfaWQiOiIxIiwiX2F1dGhfdXNlcl9iYWNrZW5kIjoiZGphbmdvLmNvbnRyaWIuYXV0aC5iYWNrZW5kcy5Nb2RlbEJhY2tlbmQiLCJfYXV0aF91c2VyX2hhc2giOiIxYmYwOGQ4MTJkYmEwNTFkYWM1ZjgxYzVlZjE5YzkwZjMyZGI1N2UwIiwicHJvZmlsZV9pZCI6MX0=", "expire_date": "2020-03-13T14:31:59.210Z"}}, {"model": "website.profile", "pk": 1, "fields": {"name": "Am\u00e9lioration du niveau de fran\u00e7ais", "objective": "Ex: J'aspire \u00e0 \u00eatre capable de m'exprimer \u00e0 l'\u00e9crit au niveau d'un professionnel de l'\u00e9dition avant la fin de l'ann\u00e9e", "starting_date": "2020-02-28", "ending_date": "2021-04-12", "hourly_volume": 35, "forces": "Vid\u00e9o et cours: https://openclassrooms.com/fr/courses/4312781-apprenez-a-apprendre/4789871-analysez-vos-forces-et-vos-faiblesses", "weaknesses": "Voir ci-dessus.", "opportunities": "Vid\u00e9o et cours: https://openclassrooms.com/fr/courses/4312781-apprenez-a-apprendre/4789881-identifiez-vos-opportunites-et-menaces", "menaces": "Voir ci-dessus", "offensive": "Vid\u00e9o et cours: https://openclassrooms.com/fr/courses/4312781-apprenez-a-apprendre/4789886-priorisez-vos-differents-projets-detude", "defensive": "Voir ci-dessus", "preventive": "Voir ci-dessus", "emergency": "Voir ci-dessus", "step_1": "Ex: R\u00e9diger des articles de blog sur des sujets passionnants.", "step_1_duration": 1, "step_2": "Ex: Faire des dict\u00e9es.", "step_2_duration": 1, "step_3": "Ex: Faire des relectures ortho-typographiques.", "step_3_duration": 1, "step_4": "Ex: Ma\u00eetriser toutes les r\u00e8gles de grammaire.", "step_4_duration": 1, "step_5": "Ex: Lire les oeuvres de membres de l'Acad\u00e9mie Fran\u00e7aise.", "step_5_duration": 1, "step_6": "Ex: Ecrire au moins 500 mots/jour.", "step_6_duration": 1}}, {"model": "website.profile", "pk": 2, "fields": {"name": "Ex: Am\u00e9lioration du niveau de fran\u00e7ais 2", "objective": "Ex: J'aspire \u00e0 \u00eatre capable de m'exprimer \u00e0 l'\u00e9crit au niveau d'un professionnel de l'\u00e9dition avant la fin de l'ann\u00e9e", "starting_date": "2020-02-28", "ending_date": "2023-05-18", "hourly_volume": 22, "forces": "Vid\u00e9o et cours: https://openclassrooms.com/fr/courses/4312781-apprenez-a-apprendre/4789871-analysez-vos-forces-et-vos-faiblesses", "weaknesses": "Voir ci-dessus.", "opportunities": "Vid\u00e9o et cours: https://openclassrooms.com/fr/courses/4312781-apprenez-a-apprendre/4789881-identifiez-vos-opportunites-et-menaces", "menaces": "Voir ci-dessus", "offensive": "Vid\u00e9o et cours: https://openclassrooms.com/fr/courses/4312781-apprenez-a-apprendre/4789886-priorisez-vos-differents-projets-detude", "defensive": "Voir ci-dessus", "preventive": "Voir ci-dessus", "emergency": "Voir ci-dessus", "step_1": "Ex: R\u00e9diger des articles de blog sur des sujets passionnants.", "step_1_duration": 1, "step_2": "Ex: Faire des dict\u00e9es.", "step_2_duration": 1, "step_3": "Ex: Faire des relectures ortho-typographiques.", "step_3_duration": 1, "step_4": "Ex: Ma\u00eetriser toutes les r\u00e8gles de grammaire.", "step_4_duration": 1, "step_5": "Ex: Lire les oeuvres de membres de l'Acad\u00e9mie Fran\u00e7aise.", "step_5_duration": 1, "step_6": "Ex: Ecrire au moins 500 mots/jour.", "step_6_duration": 1}}, {"model": "website.profile", "pk": 3, "fields": {"name": "Test pour dur\u00e9es", "objective": "Ex: J'aspire \u00e0 \u00eatre capable de m'exprimer \u00e0 l'\u00e9crit au niveau d'un professionnel de l'\u00e9dition avant la fin de l'ann\u00e9e", "starting_date": "2020-02-28", "ending_date": "2022-03-11", "hourly_volume": 55, "forces": "Vid\u00e9o et cours: https://openclassrooms.com/fr/courses/4312781-apprenez-a-apprendre/4789871-analysez-vos-forces-et-vos-faiblesses", "weaknesses": "Voir ci-dessus.", "opportunities": "Vid\u00e9o et cours: https://openclassrooms.com/fr/courses/4312781-apprenez-a-apprendre/4789881-identifiez-vos-opportunites-et-menaces", "menaces": "Voir ci-dessus", "offensive": "Vid\u00e9o et cours: https://openclassrooms.com/fr/courses/4312781-apprenez-a-apprendre/4789886-priorisez-vos-differents-projets-detude", "defensive": "Voir ci-dessus", "preventive": "Voir ci-dessus", "emergency": "Voir ci-dessus", "step_1": "Ex: R\u00e9diger des articles de blog sur des sujets passionnants.", "step_1_duration": 21, "step_2": "Ex: Faire des dict\u00e9es.", "step_2_duration": 22, "step_3": "Ex: Faire des relectures ortho-typographiques.", "step_3_duration": 32, "step_4": "Ex: Ma\u00eetriser toutes les r\u00e8gles de grammaire.", "step_4_duration": 21, "step_5": "Ex: Lire les oeuvres de membres de l'Acad\u00e9mie Fran\u00e7aise.", "step_5_duration": 12, "step_6": "Ex: Ecrire au moins 500 mots/jour.", "step_6_duration": 23}}, {"model": "website.profile", "pk": 4, "fields": {"name": "Ex: Am\u00e9lioration du niveau de fran\u00e7ais", "objective": "Ex: J'aspire \u00e0 \u00eatre capable de m'exprimer \u00e0 l'\u00e9crit au niveau d'un professionnel de l'\u00e9dition avant la fin de l'ann\u00e9e", "starting_date": "2020-03-06", "ending_date": "2020-03-06", "hourly_volume": 44, "forces": "Vid\u00e9o et cours: https://openclassrooms.com/fr/courses/4312781-apprenez-a-apprendre/4789871-analysez-vos-forces-et-vos-faiblesses", "weaknesses": "Voir ci-dessus.", "opportunities": "Vid\u00e9o et cours: https://openclassrooms.com/fr/courses/4312781-apprenez-a-apprendre/4789881-identifiez-vos-opportunites-et-menaces", "menaces": "Voir ci-dessus", "offensive": "Vid\u00e9o et cours: https://openclassrooms.com/fr/courses/4312781-apprenez-a-apprendre/4789886-priorisez-vos-differents-projets-detude", "defensive": "Voir ci-dessus", "preventive": "Voir ci-dessus", "emergency": "Voir ci-dessus", "step_1": "Ex: R\u00e9diger des articles de blog sur des sujets passionnants.", "step_1_duration": 44, "step_2": "Ex: Faire des dict\u00e9es.", "step_2_duration": 1, "step_3": "Ex: Faire des relectures ortho-typographiques.", "step_3_duration": 1, "step_4": "Ex: Ma\u00eetriser toutes les r\u00e8gles de grammaire.", "step_4_duration": 1, "step_5": "Ex: Lire les oeuvres de membres de l'Acad\u00e9mie Fran\u00e7aise.", "step_5_duration": 1, "step_6": "Ex: Ecrire au moins 500 mots/jour.", "step_6_duration": 1}}, {"model": "website.profile", "pk": 5, "fields": {"name": "Ex: aaaAm\u00e9lioration du niveau de fran\u00e7ais", "objective": "Exee: J'aspire \u00e0 \u00eatre capable de m'exprimer \u00e0 l'\u00e9crit au niveau d'un professionnel de l'\u00e9dition avant la fin de l'ann\u00e9e", "starting_date": "2020-03-06", "ending_date": "2020-03-06", "hourly_volume": 44, "forces": "Vid\u00e9o et cours: https://openclassrooms.com/fr/courses/4312781-apprenez-a-apprendre/4789871-analysez-vos-forces-et-vos-faiblesses", "weaknesses": "Voir ci-dessus.", "opportunities": "Vid\u00e9o et cours: https://openclassrooms.com/fr/courses/4312781-apprenez-a-apprendre/4789881-identifiez-vos-opportunites-et-menaces", "menaces": "Voir ci-dessus", "offensive": "Vid\u00e9o et cours: https://openclassrooms.com/fr/courses/4312781-apprenez-a-apprendre/4789886-priorisez-vos-differents-projets-detude", "defensive": "Voir ci-dessus", "preventive": "Voir ci-dessus", "emergency": "Voir ci-dessus", "step_1": "Ex: R\u00e9diger des articles de blog sur des sujets passionnants.", "step_1_duration": 44, "step_2": "Ex: Faire des dict\u00e9es.", "step_2_duration": 1, "step_3": "Ex: Faire des relectures ortho-typographiques.", "step_3_duration": 1, "step_4": "Ex: Ma\u00eetriser toutes les r\u00e8gles de grammaire.", "step_4_duration": 1, "step_5": "Ex: Lire les oeuvres de membres de l'Acad\u00e9mie Fran\u00e7aise.", "step_5_duration": 1, "step_6": "Ex: Ecrire au moins 500 mots/jour.", "step_6_duration": 2}}, {"model": "website.profile", "pk": 6, "fields": {"name": "Ex: Am\u00e9lioration du niveau de fran\u00e7aisret", "objective": "Ex: J'aspire \u00e0 \u00eatre capable de m'exprimer \u00e0 l'\u00e9crit au niveau d'un professionnel de l'\u00e9dition avant la fin de l'ann\u00e9eertertre", "starting_date": "2020-03-07", "ending_date": "2024-04-02", "hourly_volume": 44, "forces": "Vid\u00e9o et cours: https://openclassrooms.com/fr/courses/4312781-apprenez-a-apprendre/4789871-analysez-vos-forces-et-vos-faiblesses", "weaknesses": "Voir ci-dessus.", "opportunities": "Vid\u00e9o et cours: https://openclassrooms.com/fr/courses/4312781-apprenez-a-apprendre/4789881-identifiez-vos-opportunites-et-menaces", "menaces": "Voir ci-dessus", "offensive": "Vid\u00e9o et cours: https://openclassrooms.com/fr/courses/4312781-apprenez-a-apprendre/4789886-priorisez-vos-differents-projets-detude", "defensive": "Voir ci-dessus", "preventive": "Voir ci-dessus", "emergency": "Voir ci-dessus", "step_1": "Ex: R\u00e9diger des articles de blog sur des sujets passionnants.", "step_1_duration": 44, "step_2": "Ex: Faire des dict\u00e9es.", "step_2_duration": 1, "step_3": "Ex: Faire des relectures ortho-typographiques.", "step_3_duration": 1, "step_4": "Ex: Ma\u00eetriser toutes les r\u00e8gles de grammaire.", "step_4_duration": 1, "step_5": "Ex: Lire les oeuvres de membres de l'Acad\u00e9mie Fran\u00e7aise.", "step_5_duration": 1, "step_6": "Ex: Ecrire au moins 500 mots/jour.", "step_6_duration": 1}}, {"model": "website.profile", "pk": 7, "fields": {"name": "truc kojjlkdsjflksdjflksdnflksd", "objective": "Ex: J'aspire \u00e0 \u00eatre capable de m'exprimer \u00e0 l'\u00e9crit au niveau d'un professionnel de l'\u00e9dition avant la fin de l'ann\u00e9er", "starting_date": "2020-03-07", "ending_date": "2020-03-07", "hourly_volume": 44, "forces": "Vid\u00e9o et cours: https://openclassrooms.com/fr/courses/4312781-apprenez-a-apprendre/4789871-analysez-vosr-forces-et-vos-faiblesses", "weaknesses": "Voir ci-dessus.r", "opportunities": "Vid\u00e9o et cours: https://openclassrooms.com/fr/courses/4312781-apprenez-a-apprendre/4789881-identifiez-vos-opportunites-et-mrenaces", "menaces": "Voir ci-dessusr", "offensive": "Vid\u00e9o et cours: https://openclassrooms.com/fr/courses/4312781-apprenez-a-apprendre/4789886-priorisez-vos-differents-projets-detude", "defensive": "Voir ci-dessus", "preventive": "Voir ci-dessusr", "emergency": "Voir ci-dessus", "step_1": "Ex: R\u00e9diger des articles de blog sur des sujets passionnants.", "step_1_duration": 44, "step_2": "Ex: Faire des dict\u00e9es.", "step_2_duration": 1, "step_3": "Ex: Faire des relectures ortho-typographiques.", "step_3_duration": 1, "step_4": "Ex: Ma\u00eetriser toutes les r\u00e8gles de grammaire.", "step_4_duration": 1, "step_5": "Ex: Lire les oeuvres de membres de l'Acad\u00e9mie Fran\u00e7aise.", "step_5_duration": 1, "step_6": "Ex: Ecrire au moins 500 mots/jour.", "step_6_duration": 1}}, {"model": "website.profile", "pk": 8, "fields": {"name": "Ex: Am\u00e9lioration du niveau de japonais", "objective": "Ex: J'aspire \u00e0 \u00eatre capable de m'exprimer \u00e0 l'\u00e9crit au niveau d'un professionnel de l'\u00e9dition avant la fin de l'ann\u00e9e", "starting_date": "2020-03-07", "ending_date": "2024-03-07", "hourly_volume": 44, "forces": "Vid\u00e9o et cours: https://openclassrooms.com/fr/courses/4312781-apprenez-a-apprendre/4789871-analysez-vos-forces-et-vos-faiblesses", "weaknesses": "Voir ci-dessus.", "opportunities": "Vid\u00e9o et cours: https://openclassrooms.com/fr/courses/4312781-apprenez-a-apprendre/4789881-identifiez-vos-opportunites-et-menaces", "menaces": "Voir ci-dessus", "offensive": "Vid\u00e9o et cours: https://openclassrooms.com/fr/courses/4312781-apprenez-a-apprendre/4789886-priorisez-vos-differents-projets-detude", "defensive": "Voir ci-dessus", "preventive": "Voir ci-dessus", "emergency": "Voir ci-dessus", "step_1": "Ex: R\u00e9diger des articles de blog sur des sujets passionnants.", "step_1_duration": 44, "step_2": "Ex: Faire des dict\u00e9es.", "step_2_duration": 1, "step_3": "Ex: Faire des relectures ortho-typographiques.", "step_3_duration": 1, "step_4": "Ex: Ma\u00eetriser toutes les r\u00e8gles de grammaire.", "step_4_duration": 1, "step_5": "Ex: Lire les oeuvres de membres de l'Acad\u00e9mie Fran\u00e7aise.", "step_5_duration": 1, "step_6": "Ex: Ecrire au moins 500 mots/jour.", "step_6_duration": 1}}, {"model": "website.profile", "pk": 9, "fields": {"name": "Am\u00e9lioration en allemand", "objective": "Niveau Toeic", "starting_date": "2020-03-07", "ending_date": "2020-03-07", "hourly_volume": 44, "forces": "Vid\u00e9o et cours: https://openclassrooms.com/fr/courses/4312781-apprenez-a-apprendre/4789871-analysez-vos-forces-et-vos-faiblesses", "weaknesses": "Voir ci-dessus.", "opportunities": "Vid\u00e9o et cours: https://openclassrooms.com/fr/courses/4312781-apprenez-a-apprendre/4789881-identifiez-vos-opportunites-et-menaces", "menaces": "Voir ci-dessus", "offensive": "Vid\u00e9o et cours: https://openclassrooms.com/fr/courses/4312781-apprenez-a-apprendre/4789886-priorisez-vos-differents-projets-detude", "defensive": "Voir ci-dessus", "preventive": "Voir ci-dessus", "emergency": "Voir ci-dessus", "step_1": "Ex: R\u00e9diger des articles de blog sur des sujets passionnants.", "step_1_duration": 44, "step_2": "Ex: Faire des dict\u00e9es.", "step_2_duration": 1, "step_3": "Ex: Faire des relectures ortho-typographiques.", "step_3_duration": 1, "step_4": "Ex: Ma\u00eetriser toutes les r\u00e8gles de grammaire.", "step_4_duration": 1, "step_5": "Ex: Lire les oeuvres de membres de l'Acad\u00e9mie Fran\u00e7aise.", "step_5_duration": 1, "step_6": "Ex: Ecrire au moins 500 mots/jour.", "step_6_duration": 1}}, {"model": "website.profile", "pk": 10, "fields": {"name": "Ex: Am\u00e9lioration du niveau de allemand", "objective": "Ex: J'aspire \u00e0 \u00eatre capable de m'exprimer \u00e0 l'\u00e9crit au niveau d'un professionnel de l'\u00e9dition avant la fin de l'ann\u00e9e", "starting_date": "2020-03-07", "ending_date": "2021-03-07", "hourly_volume": 44, "forces": "Vid\u00e9o et cours: https://openclassrooms.com/fr/courses/4312781-apprenez-a-apprendre/4789871-analysez-vos-forces-et-vos-faiblesses", "weaknesses": "Voir ci-dessus.", "opportunities": "Vid\u00e9o et cours: https://openclassrooms.com/fr/courses/4312781-apprenez-a-apprendre/4789881-identifiez-vos-opportunites-et-menaces", "menaces": "Voir ci-dessus", "offensive": "Vid\u00e9o et cours: https://openclassrooms.com/fr/courses/4312781-apprenez-a-apprendre/4789886-priorisez-vos-differents-projets-detude", "defensive": "Voir ci-dessus", "preventive": "Voir ci-dessus", "emergency": "Voir ci-dessus", "step_1": "Ex: R\u00e9diger des articles de blog sur des sujets passionnants.", "step_1_duration": 44, "step_2": "Ex: Faire des dict\u00e9es.", "step_2_duration": 1, "step_3": "Ex: Faire des relectures ortho-typographiques.", "step_3_duration": 1, "step_4": "Ex: Ma\u00eetriser toutes les r\u00e8gles de grammaire.", "step_4_duration": 1, "step_5": "Ex: Lire les oeuvres de membres de l'Acad\u00e9mie Fran\u00e7aise.", "step_5_duration": 1, "step_6": "Ex: Ecrire au moins 500 mots/jour.", "step_6_duration": 1}}, {"model": "website.profile", "pk": 11, "fields": {"name": "Ex: Am\u00e9lioration du niveau de japonais", "objective": "Baragouiner", "starting_date": "2020-03-07", "ending_date": "2020-03-07", "hourly_volume": 44, "forces": "Vid\u00e9o et cours: https://openclassrooms.com/fr/courses/4312781-apprenez-a-apprendre/4789871-analysez-vos-forces-et-vos-faiblesses", "weaknesses": "Voir ci-dessus.", "opportunities": "Vid\u00e9o et cours: https://openclassrooms.com/fr/courses/4312781-apprenez-a-apprendre/4789881-identifiez-vos-opportunites-et-menaces", "menaces": "Voir ci-dessus", "offensive": "Vid\u00e9o et cours: https://openclassrooms.com/fr/courses/4312781-apprenez-a-apprendre/4789886-priorisez-vos-differents-projets-detude", "defensive": "Voir ci-dessus", "preventive": "Voir ci-dessus", "emergency": "Voir ci-dessus", "step_1": "Ex: R\u00e9diger des articles de blog sur des sujets passionnants.", "step_1_duration": 44, "step_2": "Ex: Faire des dict\u00e9es.", "step_2_duration": 1, "step_3": "Ex: Faire des relectures ortho-typographiques.", "step_3_duration": 1, "step_4": "Ex: Ma\u00eetriser toutes les r\u00e8gles de grammaire.", "step_4_duration": 1, "step_5": "Ex: Lire les oeuvres de membres de l'Acad\u00e9mie Fran\u00e7aise.", "step_5_duration": 1, "step_6": "Ex: Ecrire au moins 500 mots/jour.", "step_6_duration": 1}}, {"model": "weorganization.activitytype", "pk": 1, "fields": {"type_activity": 1}}, {"model": "weorganization.activitytype", "pk": 2, "fields": {"type_activity": 1}}, {"model": "weorganization.activitytype", "pk": 3, "fields": {"type_activity": 1}}, {"model": "weorganization.activitytype", "pk": 4, "fields": {"type_activity": 3}}, {"model": "weorganization.activitytype", "pk": 5, "fields": {"type_activity": 1}}, {"model": "weorganization.activitytype", "pk": 6, "fields": {"type_activity": 1}}, {"model": "weorganization.activitytype", "pk": 7, "fields": {"type_activity": 2}}, {"model": "weorganization.activitytype", "pk": 8, "fields": {"type_activity": 5}}, {"model": "weorganization.activitytype", "pk": 9, "fields": {"type_activity": 1}}, {"model": "weorganization.activitytype", "pk": 10, "fields": {"type_activity": 4}}, {"model": "weorganization.activitytype", "pk": 11, "fields": {"type_activity": 2}}, {"model": "weorganization.activity", "pk": 1, "fields": {"activity": "Test fran\u00e7ais", "resource": "Livre", "type": 1, "starting_time": "12:30:00", "ending_time": "15:30:00"}}, {"model": "weorganization.activity", "pk": 2, "fields": {"activity": "Manger une pizza", "resource": "Pizza", "type": 2, "starting_time": "14:41:00", "ending_time": "21:22:00"}}, {"model": "weorganization.activity", "pk": 3, "fields": {"activity": "Boire un th\u00e9", "resource": "Th\u00e9", "type": 3, "starting_time": "17:41:00", "ending_time": "22:22:00"}}, {"model": "weorganization.activity", "pk": 4, "fields": {"activity": "Lire un livre", "resource": "Livre", "type": 4, "starting_time": "16:50:00", "ending_time": "22:22:00"}}, {"model": "weorganization.activity", "pk": 6, "fields": {"activity": "Test 1", "resource": "test", "type": 6, "starting_time": "15:45:00", "ending_time": "22:22:00"}}, {"model": "weorganization.activity", "pk": 7, "fields": {"activity": "test 4", "resource": "test 4", "type": 7, "starting_time": "15:45:00", "ending_time": "22:22:00"}}, {"model": "weorganization.activity", "pk": 8, "fields": {"activity": "test 6", "resource": "test", "type": 8, "starting_time": "15:45:00", "ending_time": "22:22:00"}}, {"model": "weorganization.activity", "pk": 9, "fields": {"activity": "grammaire", "resource": "Besch", "type": 9, "starting_time": "18:08:00", "ending_time": "22:22:00"}}, {"model": "weorganization.activity", "pk": 10, "fields": {"activity": "Lire", "resource": "articles", "type": 10, "starting_time": "18:08:00", "ending_time": "22:22:00"}}, {"model": "weorganization.activity", "pk": 11, "fields": {"activity": "Lire", "resource": "Livres", "type": 11, "starting_time": "18:08:00", "ending_time": "22:22:00"}}, {"model": "auth.permission", "pk": 1, "fields": {"name": "Can add log entry", "content_type": 1, "codename": "add_logentry"}}, {"model": "auth.permission", "pk": 2, "fields": {"name": "Can change log entry", "content_type": 1, "codename": "change_logentry"}}, {"model": "auth.permission", "pk": 3, "fields": {"name": "Can delete log entry", "content_type": 1, "codename": "delete_logentry"}}, {"model": "auth.permission", "pk": 4, "fields": {"name": "Can view log entry", "content_type": 1, "codename": "view_logentry"}}, {"model": "auth.permission", "pk": 5, "fields": {"name": "Can add permission", "content_type": 2, "codename": "add_permission"}}, {"model": "auth.permission", "pk": 6, "fields": {"name": "Can change permission", "content_type": 2, "codename": "change_permission"}}, {"model": "auth.permission", "pk": 7, "fields": {"name": "Can delete permission", "content_type": 2, "codename": "delete_permission"}}, {"model": "auth.permission", "pk": 8, "fields": {"name": "Can view permission", "content_type": 2, "codename": "view_permission"}}, {"model": "auth.permission", "pk": 9, "fields": {"name": "Can add group", "content_type": 3, "codename": "add_group"}}, {"model": "auth.permission", "pk": 10, "fields": {"name": "Can change group", "content_type": 3, "codename": "change_group"}}, {"model": "auth.permission", "pk": 11, "fields": {"name": "Can delete group", "content_type": 3, "codename": "delete_group"}}, {"model": "auth.permission", "pk": 12, "fields": {"name": "Can view group", "content_type": 3, "codename": "view_group"}}, {"model": "auth.permission", "pk": 13, "fields": {"name": "Can add user", "content_type": 4, "codename": "add_user"}}, {"model": "auth.permission", "pk": 14, "fields": {"name": "Can change user", "content_type": 4, "codename": "change_user"}}, {"model": "auth.permission", "pk": 15, "fields": {"name": "Can delete user", "content_type": 4, "codename": "delete_user"}}, {"model": "auth.permission", "pk": 16, "fields": {"name": "Can view user", "content_type": 4, "codename": "view_user"}}, {"model": "auth.permission", "pk": 17, "fields": {"name": "Can add content type", "content_type": 5, "codename": "add_contenttype"}}, {"model": "auth.permission", "pk": 18, "fields": {"name": "Can change content type", "content_type": 5, "codename": "change_contenttype"}}, {"model": "auth.permission", "pk": 19, "fields": {"name": "Can delete content type", "content_type": 5, "codename": "delete_contenttype"}}, {"model": "auth.permission", "pk": 20, "fields": {"name": "Can view content type", "content_type": 5, "codename": "view_contenttype"}}, {"model": "auth.permission", "pk": 21, "fields": {"name": "Can add session", "content_type": 6, "codename": "add_session"}}, {"model": "auth.permission", "pk": 22, "fields": {"name": "Can change session", "content_type": 6, "codename": "change_session"}}, {"model": "auth.permission", "pk": 23, "fields": {"name": "Can delete session", "content_type": 6, "codename": "delete_session"}}, {"model": "auth.permission", "pk": 24, "fields": {"name": "Can view session", "content_type": 6, "codename": "view_session"}}, {"model": "auth.permission", "pk": 25, "fields": {"name": "Can add post", "content_type": 7, "codename": "add_post"}}, {"model": "auth.permission", "pk": 26, "fields": {"name": "Can change post", "content_type": 7, "codename": "change_post"}}, {"model": "auth.permission", "pk": 27, "fields": {"name": "Can delete post", "content_type": 7, "codename": "delete_post"}}, {"model": "auth.permission", "pk": 28, "fields": {"name": "Can view post", "content_type": 7, "codename": "view_post"}}, {"model": "auth.permission", "pk": 29, "fields": {"name": "Can add profile", "content_type": 8, "codename": "add_profile"}}, {"model": "auth.permission", "pk": 30, "fields": {"name": "Can change profile", "content_type": 8, "codename": "change_profile"}}, {"model": "auth.permission", "pk": 31, "fields": {"name": "Can delete profile", "content_type": 8, "codename": "delete_profile"}}, {"model": "auth.permission", "pk": 32, "fields": {"name": "Can view profile", "content_type": 8, "codename": "view_profile"}}, {"model": "auth.permission", "pk": 33, "fields": {"name": "Can add saved profile", "content_type": 9, "codename": "add_savedprofile"}}, {"model": "auth.permission", "pk": 34, "fields": {"name": "Can change saved profile", "content_type": 9, "codename": "change_savedprofile"}}, {"model": "auth.permission", "pk": 35, "fields": {"name": "Can delete saved profile", "content_type": 9, "codename": "delete_savedprofile"}}, {"model": "auth.permission", "pk": 36, "fields": {"name": "Can view saved profile", "content_type": 9, "codename": "view_savedprofile"}}, {"model": "auth.permission", "pk": 37, "fields": {"name": "Can add activity", "content_type": 10, "codename": "add_activity"}}, {"model": "auth.permission", "pk": 38, "fields": {"name": "Can change activity", "content_type": 10, "codename": "change_activity"}}, {"model": "auth.permission", "pk": 39, "fields": {"name": "Can delete activity", "content_type": 10, "codename": "delete_activity"}}, {"model": "auth.permission", "pk": 40, "fields": {"name": "Can view activity", "content_type": 10, "codename": "view_activity"}}, {"model": "auth.permission", "pk": 41, "fields": {"name": "Can add activity type", "content_type": 11, "codename": "add_activitytype"}}, {"model": "auth.permission", "pk": 42, "fields": {"name": "Can change activity type", "content_type": 11, "codename": "change_activitytype"}}, {"model": "auth.permission", "pk": 43, "fields": {"name": "Can delete activity type", "content_type": 11, "codename": "delete_activitytype"}}, {"model": "auth.permission", "pk": 44, "fields": {"name": "Can view activity type", "content_type": 11, "codename": "view_activitytype"}}, {"model": "auth.permission", "pk": 45, "fields": {"name": "Can add day", "content_type": 12, "codename": "add_day"}}, {"model": "auth.permission", "pk": 46, "fields": {"name": "Can change day", "content_type": 12, "codename": "change_day"}}, {"model": "auth.permission", "pk": 47, "fields": {"name": "Can delete day", "content_type": 12, "codename": "delete_day"}}, {"model": "auth.permission", "pk": 48, "fields": {"name": "Can view day", "content_type": 12, "codename": "view_day"}}, {"model": "auth.user", "pk": 1, "fields": {"password": "pbkdf2_sha256$180000$WdYQ4ARYzevH$KoNlRGw/DPPKOGh2XOlgFKU6TG1FDZjmrGyHJOez9ok=", "last_login": "2020-03-07T14:30:41.535Z", "is_superuser": false, "username": "gaspf", "first_name": "Gaspard", "last_name": "Fouch\u00e9", "email": "gaspard@gmail.com", "is_staff": false, "is_active": true, "date_joined": "2020-02-28T14:25:52.644Z", "groups": [], "user_permissions": []}}, {"model": "auth.user", "pk": 2, "fields": {"password": "pbkdf2_sha256$180000$g577aXy1PAPK$nlq7WagYSNMijBFY+SaGMoHoK/BXCtdxuR3AmL5j6Ls=", "last_login": "2020-03-06T16:15:34.176Z", "is_superuser": false, "username": "Eljei", "first_name": "Gasp", "last_name": "Fouch", "email": "gaspard@gmail.com", "is_staff": false, "is_active": true, "date_joined": "2020-03-06T16:15:30.077Z", "groups": [], "user_permissions": []}}, {"model": "auth.user", "pk": 3, "fields": {"password": "pbkdf2_sha256$180000$dA6xPAdeegcB$k33MhBxRVxckSJ1DtGiQAFtmTT9HFxuo6uoFTwht1BM=", "last_login": "2020-03-07T17:03:18.921Z", "is_superuser": false, "username": "Florencea", "first_name": "Carolne", "last_name": "Antoine", "email": "caroline_antoine@orange.fr", "is_staff": false, "is_active": true, "date_joined": "2020-03-07T17:03:11.902Z", "groups": [], "user_permissions": []}}, {"model": "diary.post", "pk": 65, "fields": {"author": 1, "profile": 1, "Sujet": "aar", "Texte": "rrr", "created_date": "2020-03-07T16:37:53.820Z", "published_date": "2020-03-07T16:37:53.820Z"}}, {"model": "diary.post", "pk": 66, "fields": {"author": 1, "profile": 1, "Sujet": "tt", "Texte": "ttt", "created_date": "2020-03-07T16:37:56.823Z", "published_date": "2020-03-07T16:37:56.823Z"}}, {"model": "diary.post", "pk": 68, "fields": {"author": 3, "profile": 10, "Sujet": "test", "Texte": "test", "created_date": "2020-03-07T18:04:54.020Z", "published_date": "2020-03-07T18:04:54.020Z"}}, {"model": "diary.post", "pk": 69, "fields": {"author": 3, "profile": 10, "Sujet": "aaa", "Texte": "aaa", "created_date": "2020-03-07T18:04:57.615Z", "published_date": "2020-03-07T18:04:57.615Z"}}, {"model": "diary.post", "pk": 70, "fields": {"author": 3, "profile": 10, "Sujet": "rzr", "Texte": "zrz", "created_date": "2020-03-07T18:05:00.690Z", "published_date": "2020-03-07T18:05:00.690Z"}}, {"model": "website.savedprofile", "pk": 1, "fields": {"saved_by": 1, "saved_profile": 1}}, {"model": "website.savedprofile", "pk": 3, "fields": {"saved_by": 1, "saved_profile": 3}}, {"model": "website.savedprofile", "pk": 4, "fields": {"saved_by": 2, "saved_profile": 4}}, {"model": "website.savedprofile", "pk": 5, "fields": {"saved_by": 1, "saved_profile": 5}}, {"model": "website.savedprofile", "pk": 10, "fields": {"saved_by": 3, "saved_profile": 10}}, {"model": "website.savedprofile", "pk": 11, "fields": {"saved_by": 3, "saved_profile": 11}}, {"model": "weorganization.day", "pk": 1, "fields": {"day_name": 1, "daily_activity": 1, "profile": 1, "user": 1}}, {"model": "weorganization.day", "pk": 2, "fields": {"day_name": 4, "daily_activity": 2, "profile": 1, "user": 1}}, {"model": "weorganization.day", "pk": 3, "fields": {"day_name": 4, "daily_activity": 3, "profile": 1, "user": 1}}, {"model": "weorganization.day", "pk": 4, "fields": {"day_name": 3, "daily_activity": 4, "profile": 1, "user": 1}}, {"model": "weorganization.day", "pk": 6, "fields": {"day_name": 2, "daily_activity": 6, "profile": 1, "user": 1}}, {"model": "weorganization.day", "pk": 7, "fields": {"day_name": 6, "daily_activity": 7, "profile": 1, "user": 1}}, {"model": "weorganization.day", "pk": 8, "fields": {"day_name": 5, "daily_activity": 8, "profile": 1, "user": 1}}, {"model": "weorganization.day", "pk": 9, "fields": {"day_name": 1, "daily_activity": 9, "profile": 10, "user": 3}}, {"model": "weorganization.day", "pk": 10, "fields": {"day_name": 2, "daily_activity": 10, "profile": 10, "user": 3}}, {"model": "weorganization.day", "pk": 11, "fields": {"day_name": 2, "daily_activity": 11, "profile": 10, "user": 3}}]